stars1j88x23kvz5zex8gnvqytsk20suhcjsc22tdep4;15
stars12vyyl4xf8x9tjzgcnl2p5t8jm6mw4uzr4censp;15
stars1lgu66ly24wz0x95hkhuzny754hfm9pkuy8nttm;13
stars14awryusna9g96h3txy5kxkt27rf7rrnwwcyy6f;12
stars1cqxll3eck8agnfxxtu5mtma5ct83rarj9qljgy;12
stars1ytcx9kertr27rwmmk7r0upf53kmvsxz7dczvax;12
stars1uc3mxvsgyj066m55mwpaq4qpqkvhj83dkfedj0;12
stars1eteq7m2xc7l5qaxu3knprxq2hl43r3ejykp9zh;6
stars1j7vqdt8k688dz5asc33mlsclpmz60f45lfcgqg;6
stars1f3gf75jrxghhazms0jmd5f5fykc7rhsgxa042z;6
stars1qarqnp88a82vehgkgqrq5tnf83xhqnsete226l;6
stars1zfq8zq5687qlmtm53jjpt599nyr59kjpgh9rza;5
stars12ew4jq3thxauq52yug4c7larpkhgxvk7xsk7xx;5
stars1e3y2en66vxqj5lxs4k0tsl034kvcxjhrrrewg6;5
stars1739ydr4kfy7gleq7y44dujp4cjf5znmfy6kakv;4
stars1lsvy7nujcj766yyfn9wa5r02ttseyd6vvc4twc;4
stars1alsa7rkfwqc45vkpvw4gqvz78hg6hfh8fmcw2k;4
stars129a83xaf3u4rdhhsc86cn2sfk47gw7yeeculkh;4
stars1ygvm6wdxv4zgpkhurqaddlvtwherryvm5p3lte;4
stars1cp4uufrcugdqa7a77t2wvs66cxv7a023vn7nup;3
stars1neqprx4sd0xrs4snn2q9ccchg6ksva3p0vxcfl;3
stars197uuwcn0tmcht5tsnv7wh686gknaf8ctrrve2f;3
stars17v6tme9dus6u5gtx4emdgdwqz567pct3celna4;3
stars17gme7xxw6rrceynl8mnq8v7e3efdyt83yqxg4q;3
stars17r8zuxkllkus698t8u4ts00d5t9fd77u4vy0e0;2
stars1ugsu5hmsydhp3e23kuxsh8gkc69ur9lszwd8sd;2
stars18dpnjxslnrv6jryek3weqs5ndukussumlthk0y;2
stars1973qhhswmsf0y99h88t40v7ecgzqhs6rtfunju;2
stars1tkgyd0c0pjdxcu6f7z4h8g65whvdcsqhlhwguj;2
stars198krlt4uc76n050p4f75c28wl3rtw53m4puy2w;2
stars1jvm8gy4lgzcrsagxpyhvvxymz982y3j58xg6sr;2
stars1u4ptg0clsfauvl66fmmuthup5x55rrlrhwhg3e;2
stars1kxngdafd6kwkk5mnhnqwhqp58xy5cfnu67dert;2
stars1rpnqch9d08czhmp6u4yxzf4ahqzstlzcw2w2hk;2
stars1wlureh2j6exueae8hlp5v67uedjvesjreltjnf;2
stars1k3zhx2vn7s24wnf2456frnc7wcrjnw7whvehev;2
stars12e5y9hsqmjn20tme24sudnzl397v3qjx9ll5tl;2
stars1flhs29gr32y3xywvxuzqxymu5pgvyyat0r5epn;2
stars1z5x07m62laz6thm8quanqgvg42gz99s833eaqw;2
stars1mhgddg3dyha34p2zhalz9qx0sujvzw67m800vp;2
stars1suepmkk7s5qjgeugwqas39mrx0ev5p0xtvk3g9;2
stars1hg5xkmseze23e8w7mq0meycpypdtywpvzvm9hy;2
stars1tvcd8welups8wwgj9jxqpt9027eyzatlpa7ctv;2
stars1mc36ksav9622w3taareeeqsqzp348rys2jaeja;2
stars1uxzrzuz2cs52czymqxnhtact9xepcfzcvl6m5p;2
stars1vpzlwskzcvy60lasrwa5xepztfp95vsd64vlvp;2
stars1lau9u4ne38ucz9cpe85nvm3sp6w7ngqw7296nh;2
stars1f205t3y08u7ew880wt2ywa2syjm50l6lv4wk7q;2
stars1pujpfg34u8vfyal66g073efcdy33rhuzv40r3c;2
stars1rwpwdmw52jqrmye8v7ec7jwlxq7esr7m6xa8tq;2
stars1ypv9h04t20uck5w5d43zvcua0vxlgxf6f34622;2
stars1nw3akegr5duutstwaqvzffnff9szle30jdvy9e;2
stars102h9qge2arxe0xnzk9nj5yqmmdycwjcfw37dua;2
stars1l76ra6wplps5phscpelcwyqqwcew99y75mwpy2;2
stars1nphynae9hsp49fylxgey6um375c2y88u5axqmj;2
stars16cfvczehnqex85h5trfeplfde5wq3njgm6zhwh;2
stars1m74zj2duq6aqunjz4syec6wtquxygrkpe6dfnc;2
